epoch,time,train/box_loss,train/cls_loss,train/dfl_loss,metrics/precision(B),metrics/recall(B),metrics/mAP50(B),metrics/mAP50-95(B),val/box_loss,val/cls_loss,val/dfl_loss,lr/pg0,lr/pg1,lr/pg2
1,85.0537,1.30829,3.58905,1.64149,0.4352,0.51411,0.42179,0.29523,1.17401,2.17807,1.52937,0.00325926,0.00325926,0.00325926
2,171.035,1.13136,1.90557,1.34243,0.49848,0.43053,0.44186,0.28712,1.51982,7.70062,1.84143,0.00657809,0.00657809,0.00657809
3,258.91,1.40485,1.85971,1.51671,0.33525,0.09836,0.00092,0.00038,2.92017,inf,8.99555,0.00988225,0.00988225,0.00988225
4,348.416,1.54984,1.97996,1.58405,0.07555,0.14501,0.01298,0.00575,2.89882,inf,8.98208,0.009934,0.009934,0.009934
5,434.903,1.48,1.76075,1.55679,0.00917,0.26706,0.00463,0.0018,2.4094,inf,4.46871,0.009912,0.009912,0.009912
6,520.665,1.43625,1.64164,1.53551,0.87097,0.18308,0.21567,0.12961,1.80463,22.5297,2.6723,0.00989,0.00989,0.00989
7,606.762,1.3899,1.55114,1.51034,0.44421,0.55922,0.44203,0.26246,1.62034,15.1935,2.31306,0.009868,0.009868,0.009868
8,693.132,1.36575,1.48259,1.50952,0.39631,0.25339,0.25761,0.15957,2.37254,10.7811,3.15922,0.009846,0.009846,0.009846
9,778.561,1.34804,1.47814,1.49845,0.34487,0.22309,0.16148,0.1091,2.2421,4.46818,2.4762,0.009824,0.009824,0.009824
10,863.775,1.30771,1.39341,1.46471,0.61579,0.56137,0.58693,0.36747,1.41231,2.41703,1.77804,0.009802,0.009802,0.009802
11,948.159,1.29815,1.32719,1.45822,0.73088,0.58827,0.67538,0.46358,1.28859,2.68236,1.65673,0.00978,0.00978,0.00978
12,1033.62,1.25813,1.29025,1.43107,0.71401,0.6142,0.68696,0.45976,1.34437,1.48123,1.69317,0.009758,0.009758,0.009758
13,1119.64,1.25157,1.26633,1.40663,0.24275,0.07265,0.05318,0.02765,2.66925,4.97854,2.75707,0.009736,0.009736,0.009736
14,1204.4,1.2117,1.18691,1.39629,0.75812,0.68615,0.74362,0.51498,1.23195,1.76029,1.59288,0.009714,0.009714,0.009714
15,1289.49,1.1995,1.16392,1.3739,0.55658,0.41804,0.4137,0.26658,1.6945,2.57997,2.04387,0.009692,0.009692,0.009692
16,1375.87,1.18797,1.20074,1.38404,0.69518,0.66672,0.73763,0.51601,1.20366,1.93633,1.54987,0.00967,0.00967,0.00967
17,1461.74,1.20871,1.17548,1.39002,0.49689,0.353,0.32958,0.22603,1.72851,2.96804,2.03953,0.009648,0.009648,0.009648
18,1547.48,1.18059,1.13914,1.36503,0.44161,0.10518,0.0959,0.06276,2.28279,4.43198,2.66972,0.009626,0.009626,0.009626
19,1633.19,1.18548,1.13423,1.37259,0.73536,0.66618,0.73656,0.51979,1.3298,1.35312,1.64178,0.009604,0.009604,0.009604
20,1719.53,1.13636,1.09499,1.34133,0.61521,0.46917,0.46695,0.33314,1.43972,2.26474,1.75941,0.009582,0.009582,0.009582
21,1805.43,1.15908,1.10443,1.35857,0.65058,0.6155,0.65688,0.4594,1.29301,1.52058,1.60438,0.00956,0.00956,0.00956
22,1889.63,1.12603,1.06747,1.33281,0.74001,0.70133,0.73821,0.50602,1.29363,1.23794,1.5991,0.009538,0.009538,0.009538
23,1975.62,1.11115,1.0255,1.32924,0.70316,0.54486,0.59187,0.39808,1.49156,1.81222,1.807,0.009516,0.009516,0.009516
24,2060.61,1.11583,1.02511,1.30887,0.81584,0.75977,0.83174,0.59847,1.1287,0.99754,1.47828,0.009494,0.009494,0.009494
25,2145.95,1.09412,1.00919,1.31057,0.67883,0.51362,0.58269,0.42173,1.49176,2.1183,1.84563,0.009472,0.009472,0.009472
26,2230.52,1.09976,0.99067,1.31664,0.83407,0.74575,0.81364,0.56096,1.21992,1.04611,1.54259,0.00945,0.00945,0.00945
27,2315.93,1.10478,1.00172,1.32701,0.78836,0.7773,0.84373,0.59931,1.12829,1.02369,1.4815,0.009428,0.009428,0.009428
28,2403.31,1.10723,0.97707,1.32165,0.79221,0.72987,0.79523,0.56144,1.13778,1.04115,1.47979,0.009406,0.009406,0.009406
29,2489.15,1.07626,0.96899,1.30725,0.83552,0.72013,0.80231,0.56857,1.22616,1.01534,1.55957,0.009384,0.009384,0.009384
30,2575.17,1.09684,0.96285,1.31814,0.73432,0.69881,0.74343,0.50491,1.25193,1.2138,1.5546,0.009362,0.009362,0.009362
31,2661.07,1.05013,0.93958,1.26992,0.66645,0.46165,0.50229,0.3583,1.64124,2.60433,1.96225,0.00934,0.00934,0.00934
32,2747.16,1.0584,0.91645,1.29577,0.84633,0.81794,0.86478,0.62082,1.07059,0.86628,1.42143,0.009318,0.009318,0.009318
33,2832.59,1.07051,0.94685,1.30529,0.81023,0.74781,0.79809,0.58258,1.18214,1.06518,1.49986,0.009296,0.009296,0.009296
34,2918.56,1.05367,0.91019,1.28696,0.7899,0.71621,0.78377,0.55667,1.20374,1.0447,1.52839,0.009274,0.009274,0.009274
35,3005.05,1.03593,0.91221,1.27469,0.85017,0.78248,0.86187,0.6064,1.16435,0.89439,1.4794,0.009252,0.009252,0.009252
36,3091.14,1.07631,0.94566,1.2976,0.8424,0.80043,0.86376,0.61147,1.1348,0.93893,1.44707,0.00923,0.00923,0.00923
37,3177.04,1.04724,0.89959,1.26828,0.85554,0.78083,0.85825,0.62079,1.10739,0.92748,1.4287,0.009208,0.009208,0.009208
38,3263.27,1.04429,0.90542,1.28855,0.66617,0.63377,0.65724,0.46096,1.39523,1.53664,1.72435,0.009186,0.009186,0.009186
39,3349.36,1.02923,0.88747,1.27043,0.83043,0.80882,0.85809,0.62965,1.09907,0.86329,1.4223,0.009164,0.009164,0.009164
40,3435.3,1.01731,0.85428,1.2598,0.81647,0.76281,0.81276,0.59232,1.12486,1.00882,1.44713,0.009142,0.009142,0.009142
41,3521.14,1.01824,0.85015,1.25579,0.85681,0.80585,0.86215,0.63394,1.06782,0.85612,1.4191,0.00912,0.00912,0.00912
42,3607.04,1.02401,0.84234,1.26296,0.73852,0.6312,0.67887,0.49497,1.25325,1.46754,1.56463,0.009098,0.009098,0.009098
43,3692.07,0.99872,0.83837,1.24351,0.78981,0.77269,0.81551,0.59592,1.14705,0.96391,1.48187,0.009076,0.009076,0.009076
44,3778.02,1.01517,0.83009,1.26422,0.78014,0.58737,0.64453,0.45167,1.31121,1.44948,1.61664,0.009054,0.009054,0.009054
45,3863.34,0.99901,0.83983,1.23879,0.84811,0.81158,0.8574,0.62858,1.06613,0.83662,1.40443,0.009032,0.009032,0.009032
46,3949.59,1.01256,0.85755,1.24648,0.87312,0.81123,0.87988,0.64201,1.06839,0.88116,1.41336,0.00901,0.00901,0.00901
47,4034.91,0.98405,0.7939,1.2351,0.87212,0.77671,0.87028,0.63905,1.07168,0.80259,1.41008,0.008988,0.008988,0.008988
48,4120.39,0.99728,0.81744,1.23865,0.82701,0.7882,0.84113,0.62009,1.10356,0.88033,1.46368,0.008966,0.008966,0.008966
49,4206.62,0.97316,0.79708,1.23687,0.79918,0.56186,0.62841,0.44628,1.26559,1.45354,1.59425,0.008944,0.008944,0.008944
50,4291.59,0.99822,0.79671,1.23488,0.88291,0.78608,0.8707,0.64444,1.06592,0.78511,1.40269,0.008922,0.008922,0.008922
51,4376.84,0.9837,0.7917,1.23647,0.89361,0.79245,0.88096,0.65447,1.04859,0.79233,1.40545,0.0089,0.0089,0.0089
52,4462.9,0.97686,0.7878,1.2257,0.84683,0.82491,0.88045,0.64266,1.11658,0.80205,1.43221,0.008878,0.008878,0.008878
53,4549.14,0.97156,0.78917,1.23115,0.76218,0.62958,0.70841,0.53006,1.18657,1.46414,1.51105,0.008856,0.008856,0.008856
54,4635.02,0.96162,0.79496,1.22238,0.82908,0.78445,0.8466,0.61673,1.12788,0.88733,1.46743,0.008834,0.008834,0.008834
55,4720.79,0.95461,0.76655,1.22857,0.78588,0.70063,0.75396,0.53281,1.26397,1.22176,1.58416,0.008812,0.008812,0.008812
56,4806.6,0.97025,0.75502,1.22203,0.83329,0.81056,0.85441,0.62184,1.11637,0.90254,1.45094,0.00879,0.00879,0.00879
57,4892.15,0.94828,0.74737,1.21038,0.77858,0.70162,0.75171,0.55714,1.21293,1.2305,1.53946,0.008768,0.008768,0.008768
58,4977.48,0.9428,0.71902,1.19758,0.89847,0.82177,0.88852,0.65347,1.06715,0.76002,1.4001,0.008746,0.008746,0.008746
59,5063.69,0.9273,0.75013,1.17947,0.8508,0.82507,0.88354,0.65134,1.0661,0.77951,1.41817,0.008724,0.008724,0.008724
60,5149.31,0.93356,0.73765,1.2094,0.78622,0.79735,0.8375,0.63518,1.08338,0.9099,1.43563,0.008702,0.008702,0.008702
61,5235.46,0.92701,0.73311,1.19843,0.74876,0.59833,0.6424,0.47415,1.28371,1.61073,1.60854,0.00868,0.00868,0.00868
62,5321.11,0.91874,0.70797,1.18527,0.84845,0.81796,0.87137,0.64576,1.06897,0.79189,1.39363,0.008658,0.008658,0.008658
63,5406.17,0.95053,0.74608,1.20521,0.8828,0.83729,0.90097,0.66113,1.04705,0.73344,1.39559,0.008636,0.008636,0.008636
64,5492.61,0.92372,0.71078,1.19582,0.85479,0.81469,0.87712,0.64075,1.095,0.80666,1.43272,0.008614,0.008614,0.008614
65,5578.26,0.92583,0.72298,1.19417,0.85916,0.85952,0.89854,0.66262,1.03543,0.7089,1.38511,0.008592,0.008592,0.008592
66,5664,0.943,0.71859,1.21851,0.83935,0.7882,0.85126,0.61141,1.16658,0.90067,1.49971,0.00857,0.00857,0.00857
67,5749.95,0.90348,0.6852,1.17803,0.8815,0.85528,0.91026,0.6678,1.05744,0.68002,1.39096,0.008548,0.008548,0.008548
68,5835.98,0.88088,0.67128,1.15885,0.85876,0.85513,0.89683,0.66692,1.0322,0.71908,1.37948,0.008526,0.008526,0.008526
69,5921.37,0.9132,0.70316,1.18046,0.81469,0.71799,0.77366,0.55983,1.18197,1.09261,1.53213,0.008504,0.008504,0.008504
70,6007.06,0.90678,0.67983,1.18179,0.82813,0.7701,0.81863,0.59596,1.15317,0.91546,1.48557,0.008482,0.008482,0.008482
71,6092.78,0.90169,0.68015,1.18059,0.8232,0.73123,0.78655,0.57991,1.14347,1.02437,1.47655,0.00846,0.00846,0.00846
72,6177.89,0.895,0.68358,1.1641,0.89321,0.84483,0.90692,0.67638,1.05602,0.69953,1.39401,0.008438,0.008438,0.008438
73,6263.48,0.91241,0.6773,1.18393,0.82906,0.84372,0.8722,0.65021,1.0664,0.769,1.44102,0.008416,0.008416,0.008416
74,6349.35,0.89608,0.6594,1.1733,0.87597,0.86283,0.8972,0.67264,1.02713,0.68595,1.39502,0.008394,0.008394,0.008394
75,6435.27,0.8937,0.67061,1.16889,0.87292,0.84337,0.89869,0.66982,1.04818,0.70815,1.39024,0.008372,0.008372,0.008372
76,6521.01,0.87875,0.64187,1.16056,0.9012,0.84911,0.91195,0.68636,1.03615,0.68563,1.39664,0.00835,0.00835,0.00835
77,6606.44,0.8956,0.67448,1.17937,0.85965,0.82971,0.87819,0.64635,1.08558,0.78305,1.41979,0.008328,0.008328,0.008328
78,6691.49,0.87691,0.65429,1.1554,0.86714,0.85177,0.89797,0.66637,1.04725,0.71499,1.41598,0.008306,0.008306,0.008306
79,6777.25,0.89025,0.67255,1.17236,0.88505,0.86186,0.89352,0.67912,1.01527,0.6448,1.39162,0.008284,0.008284,0.008284
80,6863.05,0.88815,0.66434,1.17463,0.91027,0.84837,0.91256,0.67605,1.04576,0.67971,1.3948,0.008262,0.008262,0.008262
81,6950.01,0.88194,0.63345,1.15709,0.85959,0.86585,0.895,0.66028,1.06085,0.71772,1.42441,0.00824,0.00824,0.00824
82,7035.23,0.87671,0.65979,1.17052,0.86672,0.82757,0.88366,0.66318,1.05174,0.73972,1.40071,0.008218,0.008218,0.008218
83,7121.34,0.86829,0.63813,1.15778,0.57774,0.46349,0.46872,0.33918,1.51763,2.32897,1.79644,0.008196,0.008196,0.008196
84,7207.05,0.86998,0.6482,1.14758,0.84252,0.8536,0.87074,0.65297,1.04397,0.76425,1.39082,0.008174,0.008174,0.008174
85,7292.69,0.84392,0.62072,1.14034,0.86657,0.87425,0.90026,0.66174,1.04155,0.67183,1.41456,0.008152,0.008152,0.008152
86,7377.28,0.86532,0.64429,1.15551,0.89705,0.85713,0.91625,0.68216,1.03533,0.65887,1.39866,0.00813,0.00813,0.00813
87,7462.22,0.86982,0.63207,1.15393,0.88835,0.86687,0.90334,0.67203,1.03135,0.67995,1.38734,0.008108,0.008108,0.008108
88,7547.06,0.84182,0.61508,1.14651,0.89517,0.84785,0.9052,0.6811,1.03447,0.6673,1.40171,0.008086,0.008086,0.008086
89,7631.75,0.85875,0.62878,1.14976,0.87935,0.83407,0.88867,0.65912,1.06323,0.70989,1.42365,0.008064,0.008064,0.008064
90,7716.75,0.83523,0.61104,1.13128,0.87519,0.80535,0.86933,0.65257,1.05041,0.76969,1.42292,0.008042,0.008042,0.008042
91,7801.94,0.85095,0.60438,1.14377,0.85337,0.82863,0.87697,0.65915,1.0773,0.75562,1.41307,0.00802,0.00802,0.00802
92,7887.61,0.85229,0.62671,1.14872,0.87348,0.83865,0.88793,0.65141,1.09221,0.75105,1.44444,0.007998,0.007998,0.007998
93,7973.59,0.8453,0.5997,1.1433,0.87826,0.85926,0.89599,0.66951,1.05048,0.67125,1.40991,0.007976,0.007976,0.007976
94,8059.34,0.84181,0.58258,1.12946,0.8969,0.8642,0.90467,0.67337,1.02603,0.63878,1.42314,0.007954,0.007954,0.007954
95,8145.23,0.83606,0.59972,1.12958,0.89514,0.85087,0.89579,0.66785,1.01667,0.66425,1.39054,0.007932,0.007932,0.007932
96,8231.27,0.8207,0.58355,1.13222,0.90564,0.82353,0.8948,0.66643,1.04504,0.71248,1.41282,0.00791,0.00791,0.00791
97,8316.97,0.82637,0.58472,1.11806,0.86549,0.86103,0.89483,0.66329,1.05606,0.6881,1.41466,0.007888,0.007888,0.007888
98,8401.91,0.8134,0.5759,1.11884,0.85063,0.86164,0.88735,0.66198,1.05186,0.71209,1.43076,0.007866,0.007866,0.007866
99,8487.5,0.81507,0.58588,1.11247,0.88925,0.85019,0.89306,0.67494,1.01334,0.67795,1.3832,0.007844,0.007844,0.007844
100,8573.87,0.82237,0.58822,1.11183,0.89919,0.82855,0.888,0.66503,1.05398,0.7272,1.43066,0.007822,0.007822,0.007822
101,8658.92,0.8314,0.59202,1.12413,0.91483,0.8568,0.91693,0.68998,1.03652,0.63744,1.42177,0.0078,0.0078,0.0078
102,8744.47,0.80854,0.57802,1.11637,0.89697,0.84238,0.90227,0.67745,1.02725,0.65494,1.4152,0.007778,0.007778,0.007778
103,8830.5,0.82446,0.56761,1.13017,0.91139,0.85364,0.90976,0.68722,0.9953,0.64953,1.36784,0.007756,0.007756,0.007756
104,8916.16,0.81033,0.56351,1.11634,0.9197,0.84769,0.92596,0.68343,1.01822,0.65294,1.38942,0.007734,0.007734,0.007734
105,9001.69,0.7958,0.56494,1.12196,0.90351,0.84645,0.89558,0.67257,1.03334,0.66902,1.41798,0.007712,0.007712,0.007712
106,9087.76,0.79803,0.57956,1.11245,0.90166,0.86707,0.9067,0.67282,1.04342,0.63853,1.42884,0.00769,0.00769,0.00769
107,9173.4,0.80644,0.56799,1.10807,0.91252,0.84657,0.91092,0.68871,1.03397,0.64016,1.41741,0.007668,0.007668,0.007668
108,9258.65,0.79691,0.55732,1.10183,0.83668,0.79875,0.83789,0.6158,1.14933,0.82652,1.48439,0.007646,0.007646,0.007646
109,9344.04,0.79636,0.54616,1.10126,0.90513,0.80145,0.87421,0.65153,1.07572,0.73553,1.42693,0.007624,0.007624,0.007624
110,9429.57,0.79634,0.54523,1.10559,0.90525,0.83704,0.90391,0.6898,1.01674,0.67368,1.39646,0.007602,0.007602,0.007602
111,9515.23,0.79534,0.54449,1.10294,0.88934,0.87118,0.91128,0.68669,1.02687,0.64063,1.41828,0.00758,0.00758,0.00758
112,9600.13,0.77906,0.5547,1.09145,0.91656,0.85494,0.91692,0.70036,0.99581,0.62865,1.37346,0.007558,0.007558,0.007558
113,9685.62,0.79616,0.55729,1.11441,0.91154,0.85108,0.90354,0.68215,1.00596,0.66116,1.38138,0.007536,0.007536,0.007536
114,9771.59,0.79187,0.53827,1.11718,0.91395,0.85065,0.90764,0.68675,1.03564,0.65257,1.40853,0.007514,0.007514,0.007514
115,9857.05,0.79019,0.54935,1.10818,0.88873,0.85608,0.90916,0.68908,1.00615,0.65709,1.37556,0.007492,0.007492,0.007492
116,9942.58,0.79728,0.55333,1.10623,0.88897,0.84738,0.9003,0.68058,1.06098,0.69924,1.4331,0.00747,0.00747,0.00747
117,10028,0.787,0.54389,1.09932,0.82747,0.81934,0.85714,0.64077,1.1052,0.8128,1.48119,0.007448,0.007448,0.007448
118,10112.3,0.79491,0.54241,1.10389,0.88516,0.88813,0.91295,0.69897,1.00928,0.61175,1.38442,0.007426,0.007426,0.007426
119,10198.6,0.78944,0.54064,1.10282,0.87931,0.86717,0.91391,0.69597,1.03235,0.65007,1.39866,0.007404,0.007404,0.007404
120,10284.4,0.76786,0.53494,1.08425,0.92417,0.85958,0.91946,0.69329,1.02229,0.58849,1.41901,0.007382,0.007382,0.007382
121,10370.6,0.77006,0.523,1.08016,0.89806,0.86096,0.90755,0.68093,1.0295,0.63948,1.42088,0.00736,0.00736,0.00736
122,10456.2,0.76531,0.5147,1.08787,0.93469,0.85776,0.91718,0.70073,0.99661,0.61189,1.3742,0.007338,0.007338,0.007338
123,10541.8,0.7622,0.5332,1.08835,0.9076,0.85686,0.90982,0.68513,1.03774,0.62136,1.41569,0.007316,0.007316,0.007316
124,10627,0.75085,0.52191,1.08163,0.9319,0.84856,0.9225,0.69276,1.01104,0.61329,1.39631,0.007294,0.007294,0.007294
125,10713.2,0.77344,0.53874,1.0935,0.92027,0.8466,0.91431,0.69113,1.00599,0.58921,1.39872,0.007272,0.007272,0.007272
126,10798.1,0.7693,0.52417,1.09661,0.92016,0.82135,0.9014,0.68568,1.05049,0.64411,1.42751,0.00725,0.00725,0.00725
127,10884.1,0.75508,0.5062,1.07137,0.9046,0.85442,0.9138,0.69931,0.99121,0.61074,1.38592,0.007228,0.007228,0.007228
128,10970.1,0.76914,0.51576,1.08628,0.89269,0.88102,0.90938,0.69332,1.02349,0.62658,1.42569,0.007206,0.007206,0.007206
129,11055,0.75571,0.52918,1.08145,0.89726,0.8673,0.91471,0.68886,1.03554,0.6337,1.42129,0.007184,0.007184,0.007184
130,11140.6,0.74388,0.51152,1.06895,0.88962,0.8738,0.9077,0.68796,1.02547,0.64413,1.43177,0.007162,0.007162,0.007162
131,11226.4,0.75348,0.52063,1.07317,0.91543,0.8618,0.92613,0.70598,1.00158,0.60426,1.40374,0.00714,0.00714,0.00714
132,11312.4,0.73755,0.49603,1.06251,0.90547,0.86054,0.91412,0.70073,1.0261,0.61473,1.41451,0.007118,0.007118,0.007118
133,11397.6,0.74629,0.519,1.07711,0.90527,0.86124,0.91607,0.69901,1.00176,0.60663,1.39608,0.007096,0.007096,0.007096
134,11483.2,0.73292,0.49551,1.07518,0.90727,0.87072,0.916,0.69378,1.02665,0.62457,1.41855,0.007074,0.007074,0.007074
135,11569.1,0.73325,0.49692,1.06738,0.88231,0.88467,0.91896,0.69922,1.01135,0.60086,1.41773,0.007052,0.007052,0.007052
136,11655.3,0.75508,0.50873,1.08302,0.86303,0.86472,0.90177,0.6821,1.02903,0.68025,1.40144,0.00703,0.00703,0.00703
137,11739.9,0.72926,0.47917,1.06845,0.91267,0.8697,0.92187,0.70353,1.0361,0.60505,1.43188,0.007008,0.007008,0.007008
138,11825.3,0.75207,0.50715,1.083,0.91439,0.86124,0.92663,0.70856,1.03075,0.57361,1.4207,0.006986,0.006986,0.006986
139,11910.9,0.7158,0.48516,1.06141,0.94144,0.85298,0.92071,0.7033,1.03592,0.60957,1.43813,0.006964,0.006964,0.006964
140,11996.2,0.73284,0.48474,1.06474,0.91649,0.85671,0.91287,0.7,1.01242,0.59816,1.41214,0.006942,0.006942,0.006942
141,12082.5,0.73242,0.48554,1.06294,0.91034,0.86155,0.91765,0.69716,1.02591,0.61085,1.43989,0.00692,0.00692,0.00692
142,12168.2,0.71474,0.48141,1.05116,0.91526,0.8753,0.92594,0.71185,1.02556,0.57891,1.42821,0.006898,0.006898,0.006898
143,12254.5,0.71141,0.46925,1.05738,0.90389,0.88756,0.91941,0.70087,1.03441,0.59511,1.42895,0.006876,0.006876,0.006876
144,12339.7,0.72323,0.47738,1.05032,0.87802,0.89456,0.92046,0.6981,1.03203,0.58864,1.43365,0.006854,0.006854,0.006854
145,12425.2,0.71917,0.48172,1.06078,0.91225,0.8785,0.92907,0.70524,1.04211,0.59969,1.44853,0.006832,0.006832,0.006832
146,12510.8,0.70716,0.46823,1.05131,0.91735,0.86825,0.92118,0.70644,1.0338,0.60683,1.43389,0.00681,0.00681,0.00681
147,12596.6,0.7056,0.47373,1.05553,0.91123,0.86504,0.91062,0.69553,1.03522,0.61898,1.44573,0.006788,0.006788,0.006788
148,12681.3,0.70556,0.47053,1.04251,0.92124,0.87749,0.91847,0.69781,1.02584,0.61165,1.43658,0.006766,0.006766,0.006766
149,12766.9,0.69744,0.47348,1.04617,0.91864,0.8611,0.92139,0.70344,1.02076,0.58856,1.45443,0.006744,0.006744,0.006744
150,12852.6,0.71288,0.47207,1.05723,0.92002,0.84973,0.9138,0.70263,1.0289,0.58851,1.44307,0.006722,0.006722,0.006722
151,12938.2,0.71164,0.46308,1.052,0.92532,0.85544,0.91632,0.7052,1.02441,0.58651,1.44176,0.0067,0.0067,0.0067
152,13023.9,0.69964,0.45992,1.04258,0.90878,0.88698,0.91223,0.69242,1.03057,0.58563,1.45425,0.006678,0.006678,0.006678
153,13109.7,0.71846,0.46454,1.05729,0.89646,0.90071,0.91799,0.69522,1.04502,0.58996,1.45049,0.006656,0.006656,0.006656
154,13195.5,0.69291,0.44935,1.04589,0.90389,0.87279,0.9169,0.70237,1.0377,0.60891,1.45558,0.006634,0.006634,0.006634
155,13281.2,0.68995,0.46506,1.04554,0.89031,0.88414,0.91795,0.69934,1.08109,0.59574,1.50994,0.006612,0.006612,0.006612
156,13366.1,0.69449,0.46177,1.0511,0.91862,0.87172,0.92342,0.71416,1.0241,0.5797,1.44496,0.00659,0.00659,0.00659
157,13452.1,0.69919,0.45423,1.0449,0.92494,0.85889,0.91822,0.70681,1.01888,0.59165,1.43331,0.006568,0.006568,0.006568
158,13536.4,0.68887,0.44858,1.03712,0.89671,0.88133,0.9189,0.7067,1.03819,0.61146,1.45922,0.006546,0.006546,0.006546
159,13622.2,0.69113,0.46431,1.04347,0.89747,0.88427,0.91955,0.70349,1.01666,0.59518,1.44901,0.006524,0.006524,0.006524
160,13707.8,0.68171,0.4526,1.04404,0.91596,0.87815,0.92143,0.71088,1.02252,0.59537,1.44915,0.006502,0.006502,0.006502
161,13792.4,0.68363,0.4608,1.04698,0.90824,0.88811,0.91862,0.70013,1.02286,0.60134,1.43898,0.00648,0.00648,0.00648
162,13877.5,0.6871,0.4574,1.04678,0.91872,0.8697,0.91538,0.70191,1.0259,0.60393,1.45028,0.006458,0.006458,0.006458
163,13962.8,0.68649,0.44797,1.03853,0.93735,0.87132,0.92978,0.71094,0.99356,0.56336,1.42659,0.006436,0.006436,0.006436
164,14047.8,0.6815,0.45097,1.03172,0.91871,0.87814,0.92461,0.71427,0.99079,0.58341,1.41069,0.006414,0.006414,0.006414
165,14132.5,0.67963,0.44981,1.0342,0.89856,0.88676,0.92127,0.70818,1.02434,0.59505,1.43216,0.006392,0.006392,0.006392
166,14217.4,0.67534,0.43771,1.04046,0.92486,0.87285,0.92925,0.71559,1.00307,0.58438,1.43038,0.00637,0.00637,0.00637
167,14302.8,0.67659,0.4371,1.0312,0.9398,0.86702,0.92838,0.71544,1.01831,0.59694,1.43182,0.006348,0.006348,0.006348
168,14388.2,0.68593,0.43625,1.03743,0.90492,0.88964,0.92437,0.70987,1.01585,0.58909,1.43372,0.006326,0.006326,0.006326
169,14472.7,0.65967,0.43104,1.02546,0.91636,0.88784,0.92105,0.7143,1.02,0.59534,1.43817,0.006304,0.006304,0.006304
170,14557.7,0.65799,0.43381,1.02995,0.93158,0.87529,0.92436,0.70801,1.01404,0.59021,1.4374,0.006282,0.006282,0.006282
171,14643.4,0.68098,0.43891,1.0352,0.92893,0.88644,0.92583,0.71024,1.0278,0.60211,1.4557,0.00626,0.00626,0.00626
172,14728.8,0.67409,0.44274,1.03321,0.92936,0.88518,0.93023,0.71234,1.01925,0.57245,1.44107,0.006238,0.006238,0.006238
173,14813.3,0.66155,0.44264,1.02988,0.93996,0.87907,0.9271,0.71321,1.0279,0.56151,1.44798,0.006216,0.006216,0.006216
174,14899.3,0.65371,0.42368,1.02009,0.93067,0.88392,0.92964,0.71114,1.02454,0.57193,1.46126,0.006194,0.006194,0.006194
175,14986.1,0.66482,0.432,1.02881,0.89937,0.89166,0.91956,0.70856,1.02503,0.59721,1.46113,0.006172,0.006172,0.006172
176,15070.8,0.66091,0.44454,1.02589,0.91281,0.8916,0.93081,0.71604,1.00439,0.5858,1.44594,0.00615,0.00615,0.00615
177,15156.3,0.65726,0.43066,1.02421,0.92026,0.88306,0.93251,0.71669,1.00968,0.60323,1.44034,0.006128,0.006128,0.006128
178,15241.9,0.66965,0.44341,1.03407,0.91452,0.88422,0.93295,0.71593,1.0086,0.59498,1.45767,0.006106,0.006106,0.006106
179,15327.3,0.65704,0.4321,1.02993,0.9263,0.86944,0.92668,0.70947,1.01374,0.58637,1.47088,0.006084,0.006084,0.006084
180,15412.1,0.64775,0.42282,1.02151,0.91518,0.8884,0.93219,0.71397,1.01891,0.55675,1.47103,0.006062,0.006062,0.006062
181,15497.8,0.65222,0.41933,1.01443,0.91262,0.88875,0.93052,0.71798,1.0231,0.5599,1.44915,0.00604,0.00604,0.00604
182,15583.7,0.65321,0.42812,1.01721,0.93358,0.86358,0.92567,0.71375,1.01815,0.57959,1.46277,0.006018,0.006018,0.006018
183,15670.2,0.64507,0.42307,1.01443,0.91888,0.87398,0.92602,0.71493,1.02647,0.59645,1.46417,0.005996,0.005996,0.005996
184,15754.9,0.63408,0.40724,1.01309,0.92122,0.86959,0.92526,0.71668,1.01884,0.58262,1.46533,0.005974,0.005974,0.005974
185,15841,0.64754,0.41055,1.01383,0.90506,0.88713,0.92823,0.71543,1.03174,0.568,1.48527,0.005952,0.005952,0.005952
186,15926.7,0.62628,0.40007,1.00643,0.92541,0.87422,0.92858,0.71394,1.0224,0.56115,1.4814,0.00593,0.00593,0.00593
187,16011.4,0.64629,0.41752,1.01758,0.91063,0.88269,0.92948,0.71327,1.01602,0.56254,1.47255,0.005908,0.005908,0.005908
188,16096.7,0.65191,0.41946,1.01865,0.9145,0.88538,0.92667,0.72151,1.01325,0.5902,1.45688,0.005886,0.005886,0.005886
189,16182.3,0.63536,0.41955,1.01474,0.92097,0.87179,0.92381,0.72386,1.00411,0.59319,1.44903,0.005864,0.005864,0.005864
190,16268.4,0.64466,0.4105,1.02422,0.90042,0.88823,0.9245,0.72338,1.00815,0.58127,1.45053,0.005842,0.005842,0.005842
191,16353.3,0.63144,0.40905,1.01432,0.91142,0.88899,0.92851,0.72352,1.01331,0.56371,1.46364,0.00582,0.00582,0.00582
192,16439.1,0.63284,0.40397,1.00273,0.90817,0.88643,0.9306,0.72539,1.02343,0.56623,1.48204,0.005798,0.005798,0.005798
193,16524.7,0.63195,0.41907,1.00833,0.91734,0.88302,0.9298,0.72145,1.03363,0.55447,1.50394,0.005776,0.005776,0.005776
194,16610.2,0.62937,0.41681,1.00718,0.92027,0.89309,0.93082,0.7211,1.03829,0.56178,1.49613,0.005754,0.005754,0.005754
195,16695.5,0.63497,0.41414,1.00665,0.91704,0.89007,0.93037,0.71879,1.04062,0.56153,1.49871,0.005732,0.005732,0.005732
196,16781.2,0.63709,0.41081,1.02124,0.90538,0.89998,0.93557,0.72322,1.03802,0.53895,1.50082,0.00571,0.00571,0.00571
197,16864.4,0.63039,0.40905,1.01,0.91213,0.89127,0.93652,0.72427,1.03451,0.54871,1.48618,0.005688,0.005688,0.005688
198,16949.7,0.61998,0.39159,1.00371,0.91684,0.88128,0.93353,0.72173,1.03377,0.55273,1.49022,0.005666,0.005666,0.005666
199,17035.8,0.62168,0.40754,1.00549,0.92188,0.88334,0.93283,0.72057,1.03251,0.55995,1.49443,0.005644,0.005644,0.005644
200,17121.3,0.63649,0.40754,1.01043,0.90954,0.89238,0.93249,0.7173,1.02857,0.56604,1.48766,0.005622,0.005622,0.005622
201,17205.7,0.61196,0.39931,0.99907,0.91591,0.87768,0.93281,0.72089,1.01998,0.5622,1.47643,0.0056,0.0056,0.0056
202,17290.6,0.62637,0.40839,1.00884,0.90442,0.89191,0.92766,0.71764,1.01224,0.5775,1.46591,0.005578,0.005578,0.005578
203,17377.2,0.61671,0.38722,1.0015,0.91303,0.87991,0.9272,0.72339,1.0125,0.57812,1.47784,0.005556,0.005556,0.005556
204,17463.7,0.6135,0.40055,0.99941,0.90178,0.89081,0.92851,0.7214,1.01555,0.56651,1.4806,0.005534,0.005534,0.005534
205,17549,0.61404,0.39594,1.00404,0.90385,0.89338,0.92792,0.72231,1.0089,0.57072,1.46796,0.005512,0.005512,0.005512
206,17634.9,0.61301,0.39856,1.00636,0.9105,0.89148,0.92871,0.72735,1.01348,0.55492,1.47538,0.00549,0.00549,0.00549
207,17720.1,0.6194,0.39862,1.00092,0.90942,0.90247,0.93143,0.7282,0.99684,0.55166,1.46204,0.005468,0.005468,0.005468
208,17805.1,0.62512,0.39782,1.01151,0.91003,0.90703,0.93471,0.72815,1.00936,0.53983,1.4702,0.005446,0.005446,0.005446
209,17890,0.59105,0.3754,0.98543,0.92058,0.90594,0.93349,0.72533,1.0175,0.53847,1.47619,0.005424,0.005424,0.005424
210,17975.8,0.61191,0.39186,0.99995,0.92866,0.88587,0.93326,0.72249,1.02355,0.5366,1.48749,0.005402,0.005402,0.005402
211,18062,0.58244,0.37909,0.98921,0.91119,0.89781,0.93473,0.72544,1.01892,0.55159,1.48615,0.00538,0.00538,0.00538
212,18147.6,0.60622,0.38911,1.00469,0.90049,0.90717,0.94028,0.727,1.01478,0.56578,1.47756,0.005358,0.005358,0.005358
213,18232.9,0.60527,0.38863,0.99251,0.88879,0.906,0.93813,0.7303,1.01039,0.5544,1.47286,0.005336,0.005336,0.005336
214,18318.8,0.59967,0.38407,0.99605,0.93719,0.875,0.93872,0.72871,0.99915,0.55113,1.46812,0.005314,0.005314,0.005314
215,18404.4,0.59721,0.38525,0.99581,0.89467,0.90238,0.93488,0.72469,0.99927,0.55033,1.46537,0.005292,0.005292,0.005292
216,18489.2,0.59276,0.37873,0.99086,0.89671,0.89957,0.93512,0.72656,1.00167,0.55267,1.46969,0.00527,0.00527,0.00527
217,18575,0.60256,0.3715,0.99775,0.90802,0.89561,0.93772,0.7264,1.00211,0.56336,1.46773,0.005248,0.005248,0.005248
218,18660.1,0.59326,0.38376,0.9876,0.91825,0.88305,0.9354,0.72953,0.99933,0.56981,1.46621,0.005226,0.005226,0.005226
219,18745.2,0.58421,0.37964,0.97706,0.91641,0.88135,0.932,0.72879,1.01135,0.56713,1.47889,0.005204,0.005204,0.005204
220,18830.7,0.59269,0.38166,0.99304,0.90248,0.89457,0.93096,0.72837,1.00273,0.55809,1.46243,0.005182,0.005182,0.005182
221,18916.9,0.59264,0.37152,0.9888,0.92479,0.87715,0.93173,0.73021,0.99373,0.5516,1.45582,0.00516,0.00516,0.00516
222,19002.6,0.59426,0.37886,0.98955,0.91272,0.887,0.93192,0.72852,0.99929,0.55633,1.46323,0.005138,0.005138,0.005138
223,19087.9,0.57904,0.37037,0.97926,0.90968,0.8882,0.93529,0.72914,1.00428,0.5554,1.46772,0.005116,0.005116,0.005116
224,19173.6,0.58302,0.3653,0.98226,0.91516,0.89256,0.93253,0.73003,0.99665,0.55696,1.45526,0.005094,0.005094,0.005094
225,19260.3,0.58257,0.36486,0.98634,0.90611,0.89645,0.93064,0.73006,1.00047,0.55286,1.45833,0.005072,0.005072,0.005072
226,19347.1,0.57582,0.36734,0.98589,0.90617,0.89646,0.92873,0.73075,1.00195,0.55111,1.46134,0.00505,0.00505,0.00505
227,19432.2,0.58477,0.37437,0.97662,0.91114,0.89491,0.93128,0.73138,1.002,0.54376,1.46477,0.005028,0.005028,0.005028
228,19519.4,0.58089,0.37621,0.97712,0.90686,0.90501,0.93171,0.73055,0.99505,0.54848,1.45883,0.005006,0.005006,0.005006
229,19605.5,0.57221,0.3679,0.98465,0.90073,0.90399,0.93411,0.72939,0.99327,0.55103,1.45529,0.004984,0.004984,0.004984
230,19691.6,0.57549,0.36213,0.98356,0.91057,0.90302,0.93627,0.7297,1.00072,0.55167,1.46009,0.004962,0.004962,0.004962
231,19776.9,0.56162,0.35616,0.97121,0.91275,0.89649,0.93367,0.7306,1.0089,0.55711,1.46523,0.00494,0.00494,0.00494
232,19863,0.56183,0.36017,0.96625,0.91678,0.89656,0.9358,0.73284,1.00245,0.54143,1.46267,0.004918,0.004918,0.004918
233,19950.1,0.56443,0.36327,0.97448,0.90725,0.9026,0.93528,0.733,1.00327,0.53707,1.46565,0.004896,0.004896,0.004896
234,20036.7,0.56358,0.37004,0.9764,0.91562,0.90608,0.93733,0.73493,0.99928,0.53382,1.46272,0.004874,0.004874,0.004874
235,20122.5,0.56687,0.36731,0.9748,0.9105,0.90878,0.93724,0.73113,0.99669,0.53618,1.46535,0.004852,0.004852,0.004852
236,20208.9,0.56126,0.36646,0.97511,0.90704,0.90934,0.93675,0.73223,0.98868,0.53872,1.46147,0.00483,0.00483,0.00483
237,20292.6,0.56488,0.36082,0.97793,0.91746,0.89203,0.93626,0.73059,0.99575,0.55109,1.46792,0.004808,0.004808,0.004808
238,20377.8,0.57058,0.36692,0.98025,0.90401,0.89928,0.93376,0.72983,1.00627,0.55621,1.47293,0.004786,0.004786,0.004786
239,20463.5,0.56087,0.35627,0.98106,0.8971,0.90491,0.93658,0.7293,1.01138,0.54146,1.47874,0.004764,0.004764,0.004764
240,20549.9,0.55688,0.36019,0.97649,0.89967,0.90455,0.93603,0.73105,1.01065,0.53835,1.47411,0.004742,0.004742,0.004742
241,20635.4,0.55503,0.3606,0.96627,0.90365,0.91136,0.93779,0.73091,1.01725,0.5423,1.4808,0.00472,0.00472,0.00472
242,20720.7,0.55844,0.37051,0.97324,0.92034,0.88541,0.93469,0.73086,1.02404,0.54281,1.49141,0.004698,0.004698,0.004698
243,20806.5,0.55388,0.35448,0.97252,0.92068,0.89595,0.93561,0.73081,1.03114,0.53549,1.49996,0.004676,0.004676,0.004676
244,20892.3,0.54953,0.34615,0.97164,0.91431,0.90586,0.93931,0.72933,1.02414,0.5326,1.49,0.004654,0.004654,0.004654
245,20977.2,0.5431,0.34178,0.96951,0.91752,0.90987,0.9404,0.73104,1.02089,0.5304,1.49019,0.004632,0.004632,0.004632
246,21063.1,0.54346,0.3491,0.96908,0.91259,0.90848,0.94124,0.73091,1.01783,0.52922,1.48784,0.00461,0.00461,0.00461
247,21149.3,0.55249,0.35289,0.97194,0.90734,0.90838,0.93859,0.73058,1.02291,0.54118,1.49744,0.004588,0.004588,0.004588
248,21235.1,0.57193,0.36794,0.97986,0.9093,0.90531,0.93753,0.72994,1.02494,0.54452,1.50111,0.004566,0.004566,0.004566
249,21320.2,0.552,0.34993,0.96597,0.9111,0.89699,0.9347,0.72838,1.02574,0.5452,1.4971,0.004544,0.004544,0.004544
250,21406,0.53856,0.34928,0.95853,0.91481,0.89621,0.93643,0.73035,1.02688,0.54802,1.49564,0.004522,0.004522,0.004522
251,21492.3,0.55267,0.35329,0.97804,0.91773,0.891,0.93718,0.73068,1.02521,0.54535,1.49629,0.0045,0.0045,0.0045
252,21577.8,0.54492,0.34932,0.96329,0.91096,0.90155,0.93736,0.73078,1.02661,0.54324,1.49961,0.004478,0.004478,0.004478
253,21662.6,0.53643,0.34383,0.95795,0.9382,0.88146,0.93906,0.73118,1.0264,0.53963,1.50072,0.004456,0.004456,0.004456
254,21748.6,0.5435,0.35453,0.96471,0.94619,0.88448,0.93959,0.73039,1.02089,0.54251,1.49696,0.004434,0.004434,0.004434
255,21834.3,0.54359,0.35378,0.97169,0.94569,0.87745,0.93739,0.72901,1.02114,0.55068,1.50124,0.004412,0.004412,0.004412
256,21919.5,0.52633,0.3394,0.96073,0.94066,0.87799,0.93758,0.72954,1.02119,0.54992,1.5053,0.00439,0.00439,0.00439
257,22004.6,0.54097,0.34824,0.96847,0.94113,0.87371,0.93493,0.72885,1.02023,0.55796,1.50387,0.004368,0.004368,0.004368
258,22089.6,0.53868,0.34815,0.96546,0.90682,0.90031,0.93507,0.72844,1.02704,0.55578,1.51408,0.004346,0.004346,0.004346
259,22174.8,0.53833,0.34546,0.96366,0.91312,0.89226,0.93639,0.72894,1.02087,0.5575,1.50714,0.004324,0.004324,0.004324
260,22259.7,0.53591,0.348,0.96452,0.94058,0.86935,0.93664,0.72998,1.01911,0.56221,1.50285,0.004302,0.004302,0.004302
261,22344.7,0.52594,0.33676,0.9603,0.91569,0.89023,0.9364,0.73094,1.01891,0.56805,1.50124,0.00428,0.00428,0.00428
262,22430,0.5232,0.34207,0.96063,0.91436,0.88808,0.93606,0.73096,1.01388,0.56452,1.49704,0.004258,0.004258,0.004258
263,22515.8,0.52972,0.3471,0.96123,0.93861,0.87603,0.93696,0.7325,1.01141,0.56074,1.49685,0.004236,0.004236,0.004236
264,22600.7,0.52289,0.333,0.95879,0.93183,0.8815,0.9358,0.73418,1.00776,0.55641,1.49394,0.004214,0.004214,0.004214
265,22685.8,0.51973,0.3302,0.95369,0.9109,0.90652,0.93481,0.73592,1.00824,0.54911,1.49921,0.004192,0.004192,0.004192
266,22771.2,0.51917,0.33002,0.94645,0.93446,0.88757,0.93648,0.73603,1.0023,0.54517,1.49501,0.00417,0.00417,0.00417
267,22856.4,0.52029,0.33123,0.95538,0.94094,0.89142,0.94056,0.73767,1.00126,0.54084,1.49604,0.004148,0.004148,0.004148
268,22941.9,0.52285,0.32953,0.96058,0.93766,0.89207,0.94224,0.73996,0.99616,0.54517,1.48902,0.004126,0.004126,0.004126
269,23027.3,0.5202,0.33895,0.95716,0.93527,0.89144,0.94059,0.7407,0.99524,0.5397,1.49143,0.004104,0.004104,0.004104
270,23113.3,0.52599,0.33676,0.95677,0.93276,0.88997,0.94033,0.74057,0.99732,0.53849,1.49518,0.004082,0.004082,0.004082
271,23198.6,0.53218,0.33725,0.96889,0.92065,0.89941,0.9438,0.73994,0.99561,0.54199,1.49107,0.00406,0.00406,0.00406
272,23284.3,0.50751,0.32441,0.94415,0.92206,0.90102,0.94332,0.73701,0.99373,0.54047,1.48949,0.004038,0.004038,0.004038
273,23370.5,0.5261,0.3358,0.96121,0.92289,0.90057,0.94328,0.73731,1.00038,0.54574,1.49774,0.004016,0.004016,0.004016
274,23455.8,0.51575,0.33048,0.95304,0.91968,0.89832,0.94174,0.73745,1.00513,0.54383,1.50167,0.003994,0.003994,0.003994
275,23541.9,0.51309,0.33582,0.95702,0.92146,0.89512,0.93926,0.73651,1.00932,0.54151,1.50534,0.003972,0.003972,0.003972
276,23628.4,0.51763,0.33831,0.95976,0.91944,0.89189,0.93719,0.73761,1.00653,0.54083,1.50664,0.00395,0.00395,0.00395
277,23712.3,0.53051,0.34393,0.96748,0.9214,0.89305,0.93895,0.73637,1.00321,0.5456,1.49885,0.003928,0.003928,0.003928
278,23797.6,0.5037,0.32101,0.94748,0.91135,0.89404,0.93914,0.73486,1.00749,0.54788,1.49955,0.003906,0.003906,0.003906
279,23883.4,0.50786,0.31905,0.95146,0.90894,0.89623,0.93889,0.73579,1.00569,0.54323,1.49807,0.003884,0.003884,0.003884
280,23969.4,0.50615,0.32675,0.95514,0.91141,0.90069,0.9402,0.73661,1.00474,0.54306,1.49768,0.003862,0.003862,0.003862
281,24054.7,0.5098,0.32662,0.9469,0.92973,0.88124,0.93725,0.73629,1.0078,0.54198,1.50174,0.00384,0.00384,0.00384
282,24141.1,0.50443,0.32978,0.94945,0.91487,0.89839,0.93938,0.73637,1.00644,0.5365,1.50237,0.003818,0.003818,0.003818
283,24226.7,0.49562,0.31797,0.93868,0.93188,0.87773,0.93438,0.73563,1.00533,0.53831,1.50303,0.003796,0.003796,0.003796
284,24313,0.50698,0.32747,0.9478,0.93398,0.88177,0.93922,0.73672,1.00417,0.53825,1.50086,0.003774,0.003774,0.003774
285,24398.2,0.49507,0.32189,0.94542,0.93534,0.88438,0.94292,0.738,1.00525,0.53703,1.50384,0.003752,0.003752,0.003752
286,24483.5,0.5045,0.31713,0.95502,0.93133,0.88326,0.94022,0.73699,1.00917,0.53882,1.50767,0.00373,0.00373,0.00373
287,24569.1,0.50077,0.31366,0.94543,0.91206,0.89952,0.94042,0.73739,1.00935,0.54099,1.50758,0.003708,0.003708,0.003708
288,24654,0.50061,0.3191,0.94637,0.90792,0.90479,0.93899,0.73628,1.00891,0.54356,1.50522,0.003686,0.003686,0.003686
289,24739.3,0.50968,0.32533,0.94807,0.90535,0.89906,0.93969,0.73801,1.00521,0.54524,1.50156,0.003664,0.003664,0.003664
290,24824.4,0.49775,0.31747,0.94808,0.89923,0.8991,0.93905,0.7369,1.0054,0.54744,1.49931,0.003642,0.003642,0.003642
291,24909.9,0.49106,0.31679,0.94166,0.92572,0.87276,0.93943,0.73619,1.00927,0.54939,1.50234,0.00362,0.00362,0.00362
292,24994.8,0.49622,0.31226,0.945,0.90975,0.89426,0.93974,0.73646,1.00958,0.54535,1.50189,0.003598,0.003598,0.003598
293,25080.3,0.48823,0.31699,0.94493,0.89669,0.90783,0.93975,0.73805,1.00904,0.54477,1.50216,0.003576,0.003576,0.003576
294,25166.4,0.4971,0.32027,0.94688,0.90971,0.89574,0.94057,0.73806,1.01279,0.54667,1.50583,0.003554,0.003554,0.003554
295,25252.1,0.49697,0.31518,0.94444,0.9124,0.89774,0.94061,0.73789,1.01583,0.54548,1.51167,0.003532,0.003532,0.003532
296,25338.2,0.48834,0.31802,0.94844,0.91281,0.89593,0.94064,0.73803,1.01323,0.54834,1.51192,0.00351,0.00351,0.00351
297,25425,0.4866,0.31598,0.94152,0.91382,0.89426,0.93979,0.7364,1.01219,0.55195,1.50927,0.003488,0.003488,0.003488
298,25510.5,0.48211,0.29962,0.94016,0.91314,0.89627,0.94007,0.73624,1.01081,0.55607,1.50825,0.003466,0.003466,0.003466
299,25595.5,0.49004,0.31038,0.94537,0.91279,0.89628,0.94108,0.73644,1.01162,0.55733,1.50714,0.003444,0.003444,0.003444
300,25680.9,0.48606,0.313,0.94415,0.91822,0.88669,0.94003,0.73696,1.00931,0.55623,1.50532,0.003422,0.003422,0.003422
301,25766.7,0.49786,0.32022,0.95108,0.91351,0.88885,0.93765,0.7376,1.01058,0.55511,1.50545,0.0034,0.0034,0.0034
302,25852,0.48386,0.30491,0.93929,0.91471,0.89123,0.93803,0.73559,1.0117,0.55602,1.50767,0.003378,0.003378,0.003378
303,25937.2,0.47433,0.3065,0.93542,0.90941,0.89328,0.93544,0.73466,1.00933,0.55535,1.50567,0.003356,0.003356,0.003356
304,26022.7,0.48075,0.3069,0.94501,0.91093,0.89234,0.93686,0.73603,1.01046,0.55612,1.50678,0.003334,0.003334,0.003334
305,26109.7,0.46822,0.30427,0.92857,0.91143,0.88942,0.93636,0.73671,1.0101,0.56025,1.50892,0.003312,0.003312,0.003312
306,26196.1,0.48571,0.30668,0.94656,0.91531,0.88623,0.9361,0.73624,1.01047,0.56007,1.51005,0.00329,0.00329,0.00329
307,26280.9,0.48163,0.30975,0.95199,0.91674,0.88231,0.93474,0.73743,1.01003,0.56111,1.51077,0.003268,0.003268,0.003268
308,26366.6,0.48732,0.31162,0.94733,0.90947,0.88699,0.93331,0.73849,1.01033,0.56253,1.51144,0.003246,0.003246,0.003246
309,26452.5,0.46677,0.2902,0.93625,0.91646,0.89066,0.93782,0.73788,1.01231,0.56206,1.51431,0.003224,0.003224,0.003224
310,26537.6,0.48769,0.30158,0.94658,0.9169,0.89102,0.9379,0.73737,1.01295,0.56237,1.51519,0.003202,0.003202,0.003202
311,26623.4,0.46713,0.29854,0.93465,0.91654,0.89033,0.93702,0.73599,1.01349,0.56082,1.51685,0.00318,0.00318,0.00318
312,26709.2,0.47435,0.29612,0.93414,0.91634,0.89339,0.93715,0.73568,1.01187,0.5614,1.51701,0.003158,0.003158,0.003158
313,26794.6,0.47456,0.29756,0.9364,0.91971,0.8945,0.93863,0.73695,1.01074,0.55526,1.51785,0.003136,0.003136,0.003136
314,26880.1,0.47417,0.2981,0.93653,0.91943,0.89082,0.93878,0.73745,1.01103,0.55662,1.51938,0.003114,0.003114,0.003114
315,26965.8,0.46103,0.29197,0.93293,0.91885,0.8874,0.93928,0.7384,1.01136,0.55398,1.52091,0.003092,0.003092,0.003092
316,27051.3,0.45951,0.29649,0.92759,0.91892,0.88537,0.93868,0.73863,1.00782,0.55368,1.51752,0.00307,0.00307,0.00307
317,27134.6,0.46804,0.2979,0.92805,0.91729,0.88537,0.93846,0.73785,1.00691,0.55495,1.51742,0.003048,0.003048,0.003048
318,27220.2,0.46435,0.29318,0.93584,0.91713,0.88682,0.93865,0.73883,1.00575,0.5525,1.51659,0.003026,0.003026,0.003026
319,27305.8,0.4573,0.29271,0.92207,0.91451,0.88303,0.93781,0.73901,1.00542,0.55023,1.51545,0.003004,0.003004,0.003004
320,27391.6,0.46563,0.29023,0.93433,0.91232,0.88955,0.93795,0.73852,1.0035,0.55283,1.51527,0.002982,0.002982,0.002982
321,27475.6,0.4646,0.2964,0.93265,0.91076,0.88909,0.93934,0.7405,1.00377,0.55236,1.51543,0.00296,0.00296,0.00296
322,27560.7,0.46089,0.29399,0.93424,0.91332,0.88854,0.93869,0.7398,1.00325,0.55436,1.51549,0.002938,0.002938,0.002938
323,27646.9,0.45374,0.28808,0.9322,0.91694,0.88693,0.93875,0.74018,1.00257,0.55573,1.51538,0.002916,0.002916,0.002916
324,27731.6,0.45593,0.29656,0.92914,0.91398,0.88655,0.93776,0.73939,1.00353,0.55375,1.51667,0.002894,0.002894,0.002894
325,27817.1,0.45221,0.28258,0.93693,0.91741,0.88484,0.93713,0.74035,1.00359,0.55608,1.51599,0.002872,0.002872,0.002872
326,27903.2,0.44411,0.28086,0.92081,0.91677,0.883,0.93726,0.74011,1.0084,0.55653,1.52294,0.00285,0.00285,0.00285
327,27989.1,0.45629,0.29384,0.92893,0.92362,0.88049,0.93744,0.74,1.00784,0.55388,1.52222,0.002828,0.002828,0.002828
328,28073.8,0.45266,0.28667,0.92712,0.92429,0.87927,0.93793,0.74002,1.00944,0.55704,1.52492,0.002806,0.002806,0.002806
329,28159.5,0.45873,0.28686,0.92595,0.93037,0.87653,0.93813,0.74021,1.00924,0.55944,1.52413,0.002784,0.002784,0.002784
330,28245.6,0.4539,0.28627,0.93101,0.92925,0.87666,0.93693,0.73965,1.01012,0.55878,1.52495,0.002762,0.002762,0.002762
331,28331,0.44425,0.2831,0.92429,0.9323,0.87828,0.93882,0.74087,1.00942,0.55897,1.52507,0.00274,0.00274,0.00274
332,28416.7,0.45285,0.28583,0.93506,0.93143,0.87927,0.93943,0.7411,1.00806,0.55579,1.5243,0.002718,0.002718,0.002718
333,28502.8,0.43122,0.27046,0.91907,0.93169,0.87943,0.93802,0.73884,1.00789,0.55452,1.52526,0.002696,0.002696,0.002696
334,28588.5,0.45333,0.29168,0.92559,0.93273,0.88069,0.93787,0.73907,1.00841,0.55419,1.52648,0.002674,0.002674,0.002674
335,28674.2,0.45778,0.29669,0.93651,0.93293,0.88024,0.939,0.73932,1.0082,0.55611,1.52664,0.002652,0.002652,0.002652
336,28759.3,0.4432,0.28116,0.92824,0.93107,0.88089,0.93761,0.7385,1.0078,0.55479,1.52658,0.00263,0.00263,0.00263
337,28844.7,0.44507,0.28179,0.92171,0.93055,0.88273,0.93774,0.74076,1.00602,0.55352,1.52603,0.002608,0.002608,0.002608
338,28930.3,0.44722,0.29156,0.93146,0.93122,0.88219,0.93708,0.74049,1.00624,0.5536,1.52687,0.002586,0.002586,0.002586
339,29015,0.44577,0.28572,0.92512,0.93026,0.88423,0.93791,0.74092,1.00559,0.55299,1.52675,0.002564,0.002564,0.002564
340,29101,0.43519,0.27367,0.91892,0.91004,0.9003,0.93752,0.7414,1.00638,0.55359,1.52726,0.002542,0.002542,0.002542
341,29186.9,0.43337,0.27635,0.92035,0.92905,0.88343,0.93755,0.74106,1.00815,0.55363,1.52906,0.00252,0.00252,0.00252
342,29272.4,0.43152,0.27545,0.91721,0.90772,0.90096,0.93752,0.74139,1.00844,0.55379,1.5301,0.002498,0.002498,0.002498
343,29357.6,0.44654,0.28365,0.92725,0.92747,0.88538,0.93737,0.74044,1.00928,0.55398,1.53112,0.002476,0.002476,0.002476
344,29444.3,0.43721,0.27999,0.92528,0.92843,0.88392,0.93721,0.74037,1.00953,0.55513,1.53202,0.002454,0.002454,0.002454
345,29530.7,0.43546,0.28873,0.92006,0.92923,0.88294,0.937,0.74095,1.01027,0.55459,1.5343,0.002432,0.002432,0.002432
346,29615.9,0.43333,0.27393,0.92153,0.92933,0.88286,0.93678,0.74167,1.01096,0.55276,1.53529,0.00241,0.00241,0.00241
347,29701.9,0.43515,0.28028,0.92683,0.9332,0.88057,0.9385,0.74256,1.01221,0.55165,1.537,0.002388,0.002388,0.002388
348,29788.1,0.43643,0.28037,0.92872,0.93339,0.88039,0.93863,0.74278,1.01268,0.55227,1.53788,0.002366,0.002366,0.002366
349,29874.3,0.43001,0.26814,0.91954,0.93245,0.8826,0.93914,0.74269,1.01208,0.55142,1.53795,0.002344,0.002344,0.002344
350,29959.3,0.42735,0.264,0.91971,0.93554,0.88017,0.93921,0.74256,1.01198,0.55278,1.53879,0.002322,0.002322,0.002322
351,30044.9,0.43489,0.27923,0.9144,0.93521,0.87857,0.93947,0.74334,1.00759,0.55315,1.53047,0.0023,0.0023,0.0023
352,30131.2,0.42308,0.26444,0.91633,0.9331,0.87858,0.93923,0.74394,1.00821,0.54935,1.53179,0.002278,0.002278,0.002278
353,30217,0.42834,0.27088,0.91967,0.93202,0.87856,0.93786,0.74423,1.00788,0.55025,1.53202,0.002256,0.002256,0.002256
354,30302.7,0.42384,0.26832,0.91858,0.93335,0.88036,0.93877,0.74408,1.00791,0.55154,1.53255,0.002234,0.002234,0.002234
355,30388.1,0.42701,0.27194,0.91887,0.9325,0.87951,0.93803,0.74323,1.00729,0.55209,1.53244,0.002212,0.002212,0.002212
356,30471.7,0.40893,0.26404,0.91371,0.93286,0.87937,0.93804,0.74362,1.00822,0.55362,1.53433,0.00219,0.00219,0.00219
357,30556.5,0.42036,0.27612,0.91406,0.93221,0.87946,0.9387,0.74381,1.00984,0.55479,1.53688,0.002168,0.002168,0.002168
358,30642.5,0.41364,0.2633,0.91638,0.9312,0.87699,0.93685,0.74241,1.01213,0.55503,1.53971,0.002146,0.002146,0.002146
359,30728.3,0.43419,0.2732,0.9227,0.93331,0.87468,0.93697,0.74314,1.01183,0.55279,1.53879,0.002124,0.002124,0.002124
360,30813.8,0.41357,0.25758,0.91611,0.93406,0.87392,0.93788,0.74308,1.01127,0.55079,1.53787,0.002102,0.002102,0.002102
361,30899.3,0.42661,0.27108,0.92958,0.91385,0.89319,0.93795,0.74277,1.01621,0.55061,1.54645,0.00208,0.00208,0.00208
362,30986.4,0.42547,0.27533,0.91946,0.93393,0.87153,0.93777,0.74261,1.01779,0.55052,1.54928,0.002058,0.002058,0.002058
363,31072.5,0.42355,0.27027,0.92345,0.93605,0.87257,0.93788,0.74349,1.01264,0.55205,1.53987,0.002036,0.002036,0.002036
364,31157.2,0.4211,0.26749,0.91796,0.93611,0.87139,0.93845,0.74297,1.01331,0.55153,1.54112,0.002014,0.002014,0.002014
365,31242.7,0.41518,0.27132,0.9073,0.93643,0.87122,0.93689,0.74165,1.0138,0.55213,1.54248,0.001992,0.001992,0.001992
366,31328.6,0.40427,0.25742,0.90382,0.93782,0.87083,0.9379,0.74185,1.01408,0.55361,1.54384,0.00197,0.00197,0.00197
367,31413.5,0.41553,0.2636,0.91847,0.93542,0.86948,0.93749,0.74189,1.01363,0.55353,1.54495,0.001948,0.001948,0.001948
368,31498.9,0.4028,0.25768,0.91278,0.93382,0.86928,0.93837,0.74264,1.01272,0.55447,1.54411,0.001926,0.001926,0.001926
369,31584.9,0.41063,0.26125,0.91221,0.9111,0.89259,0.93784,0.74129,1.0128,0.55529,1.54527,0.001904,0.001904,0.001904
370,31670.2,0.40138,0.25277,0.90681,0.90893,0.89385,0.93825,0.74103,1.01271,0.55526,1.5454,0.001882,0.001882,0.001882
371,31754.9,0.40786,0.25711,0.90435,0.93374,0.86905,0.93748,0.74172,1.01356,0.55648,1.54758,0.00186,0.00186,0.00186
372,31840.5,0.40651,0.25844,0.91344,0.93807,0.8681,0.93748,0.74128,1.01369,0.55688,1.54849,0.001838,0.001838,0.001838
373,31926.3,0.40162,0.2604,0.90635,0.93804,0.86811,0.93713,0.74044,1.01334,0.55913,1.54846,0.001816,0.001816,0.001816
374,32013,0.40163,0.25423,0.9097,0.93825,0.86745,0.93701,0.74044,1.01425,0.55862,1.54964,0.001794,0.001794,0.001794
375,32098.4,0.38387,0.24849,0.90396,0.93615,0.86802,0.93664,0.74064,1.0144,0.56035,1.55049,0.001772,0.001772,0.001772
376,32183.6,0.39889,0.25505,0.90322,0.9379,0.86812,0.93572,0.74,1.01527,0.56077,1.55173,0.00175,0.00175,0.00175
377,32269.1,0.40045,0.25535,0.90548,0.93821,0.86806,0.93563,0.73964,1.01566,0.56108,1.55247,0.001728,0.001728,0.001728
378,32353.8,0.39964,0.24904,0.90948,0.93956,0.86699,0.93622,0.73958,1.01549,0.5608,1.55276,0.001706,0.001706,0.001706
379,32438.6,0.3971,0.25379,0.90409,0.93955,0.86717,0.93625,0.73893,1.01599,0.55995,1.55363,0.001684,0.001684,0.001684
380,32524.5,0.39985,0.2523,0.90753,0.94061,0.86718,0.93611,0.73949,1.01552,0.56021,1.55339,0.001662,0.001662,0.001662
381,32610.4,0.39488,0.25308,0.90578,0.9227,0.88172,0.93614,0.73969,1.01565,0.56115,1.55468,0.00164,0.00164,0.00164
382,32695.2,0.39695,0.25021,0.90728,0.92199,0.88177,0.93589,0.73924,1.01528,0.5612,1.55454,0.001618,0.001618,0.001618
383,32780.8,0.38475,0.24817,0.8968,0.9228,0.88187,0.9368,0.73999,1.01517,0.56137,1.5555,0.001596,0.001596,0.001596
384,32866.6,0.3921,0.2487,0.90977,0.923,0.88213,0.93651,0.74037,1.01467,0.56093,1.55579,0.001574,0.001574,0.001574
385,32952.2,0.38955,0.25008,0.90327,0.92341,0.88221,0.93621,0.73897,1.0147,0.56067,1.5562,0.001552,0.001552,0.001552
386,33036.3,0.38136,0.24433,0.90752,0.92568,0.8844,0.93847,0.73944,1.01579,0.56161,1.55821,0.00153,0.00153,0.00153
387,33121.2,0.38736,0.24484,0.90071,0.92278,0.8824,0.93651,0.7392,1.01527,0.56211,1.55879,0.001508,0.001508,0.001508
388,33207.5,0.38176,0.24272,0.89868,0.92169,0.88243,0.93721,0.73933,1.01527,0.56261,1.55897,0.001486,0.001486,0.001486
389,33292.7,0.38658,0.24221,0.90604,0.90821,0.89653,0.93749,0.73981,1.01572,0.56267,1.55991,0.001464,0.001464,0.001464
390,33378,0.38778,0.24664,0.90201,0.92175,0.88188,0.93751,0.73983,1.01571,0.56136,1.56051,0.001442,0.001442,0.001442
391,33463.9,0.38577,0.24224,0.89875,0.92297,0.884,0.93921,0.74034,1.01549,0.56148,1.5608,0.00142,0.00142,0.00142
392,33550.5,0.38617,0.25034,0.90051,0.92315,0.88485,0.93886,0.74013,1.01467,0.56062,1.56093,0.001398,0.001398,0.001398
393,33636.3,0.3832,0.2389,0.90412,0.90666,0.9005,0.93874,0.73992,1.01497,0.55958,1.56118,0.001376,0.001376,0.001376
394,33722.3,0.38321,0.24102,0.90168,0.90685,0.90154,0.93871,0.74039,1.01413,0.55938,1.56086,0.001354,0.001354,0.001354
395,33807.9,0.38353,0.2405,0.90409,0.9178,0.88664,0.93709,0.73995,1.01469,0.55873,1.56205,0.001332,0.001332,0.001332
396,33892.5,0.37868,0.2386,0.89976,0.92126,0.88853,0.93857,0.73892,1.01479,0.55875,1.56278,0.00131,0.00131,0.00131
397,33978.6,0.36947,0.23653,0.89465,0.93672,0.87056,0.93783,0.73961,1.0151,0.5578,1.56393,0.001288,0.001288,0.001288
398,34064.7,0.3901,0.24643,0.91073,0.91434,0.88357,0.93689,0.73912,1.01449,0.55791,1.56398,0.001266,0.001266,0.001266
399,34149.8,0.37811,0.24181,0.90524,0.91676,0.88763,0.93856,0.7401,1.01371,0.55592,1.56333,0.001244,0.001244,0.001244
400,34235.2,0.36976,0.23642,0.89354,0.91796,0.88815,0.93802,0.74034,1.01344,0.55607,1.56377,0.001222,0.001222,0.001222
401,34320.5,0.36766,0.23476,0.90014,0.91526,0.88719,0.9365,0.74,1.01362,0.55633,1.56494,0.0012,0.0012,0.0012
402,34406.1,0.37138,0.23817,0.89678,0.91773,0.88821,0.9381,0.74009,1.01411,0.55622,1.56639,0.001178,0.001178,0.001178
403,34490.9,0.3686,0.2374,0.89978,0.92024,0.8859,0.93817,0.74059,1.01444,0.55511,1.56768,0.001156,0.001156,0.001156
404,34576.4,0.36717,0.22832,0.89569,0.91656,0.88252,0.93693,0.7392,1.0144,0.55459,1.56796,0.001134,0.001134,0.001134
405,34661.2,0.37414,0.24114,0.90137,0.92076,0.88411,0.93855,0.73989,1.01469,0.55451,1.56906,0.001112,0.001112,0.001112
406,34746.4,0.36127,0.23115,0.89122,0.92055,0.8838,0.93855,0.74009,1.01445,0.55557,1.56946,0.00109,0.00109,0.00109
407,34830.7,0.36396,0.23447,0.89961,0.91637,0.88786,0.93859,0.74033,1.01446,0.55538,1.57005,0.001068,0.001068,0.001068
408,34915.8,0.37022,0.24104,0.90323,0.92036,0.88336,0.93848,0.74013,1.01514,0.55538,1.5715,0.001046,0.001046,0.001046
409,35001.5,0.36536,0.2321,0.89559,0.91497,0.88886,0.93856,0.74008,1.01464,0.55625,1.57183,0.001024,0.001024,0.001024
410,35087,0.36208,0.22665,0.89821,0.91524,0.88948,0.93851,0.73963,1.01444,0.5561,1.5723,0.001002,0.001002,0.001002
411,35171.8,0.36013,0.22971,0.89023,0.92043,0.88468,0.93848,0.74022,1.01487,0.55542,1.57408,0.00098,0.00098,0.00098
412,35257.8,0.35392,0.22646,0.89092,0.92044,0.88461,0.93857,0.73985,1.01487,0.55544,1.57424,0.000958,0.000958,0.000958
413,35343.5,0.35921,0.23133,0.89237,0.91547,0.88928,0.93841,0.7393,1.01502,0.55589,1.5752,0.000936,0.000936,0.000936
414,35428.6,0.37146,0.23328,0.903,0.93312,0.87646,0.93851,0.73985,1.01487,0.55551,1.57603,0.000914,0.000914,0.000914
415,35513.4,0.36112,0.22766,0.89511,0.93384,0.87646,0.93846,0.74045,1.01498,0.55531,1.57687,0.000892,0.000892,0.000892
416,35599.1,0.35564,0.22406,0.89551,0.93237,0.87646,0.93846,0.74004,1.01558,0.5555,1.57787,0.00087,0.00087,0.00087
417,35684.6,0.36796,0.23225,0.90018,0.93419,0.87646,0.93842,0.73993,1.01504,0.5549,1.57799,0.000848,0.000848,0.000848
418,35769.4,0.34061,0.22421,0.87718,0.9335,0.87646,0.93851,0.74022,1.01482,0.55469,1.57827,0.000826,0.000826,0.000826
419,35854.6,0.36754,0.23603,0.89892,0.93246,0.87646,0.93852,0.74027,1.01547,0.55405,1.58047,0.000804,0.000804,0.000804
420,35940.4,0.36066,0.2311,0.8927,0.93282,0.87646,0.9385,0.74024,1.01557,0.55435,1.5814,0.000782,0.000782,0.000782
421,36027.6,0.36175,0.23015,0.89524,0.93303,0.87646,0.9385,0.73955,1.01541,0.55413,1.58207,0.00076,0.00076,0.00076
422,36112.7,0.3463,0.22348,0.8886,0.93285,0.87646,0.93862,0.73947,1.01504,0.55381,1.58229,0.000738,0.000738,0.000738
423,36198.5,0.35233,0.22313,0.8887,0.93309,0.87653,0.93864,0.73927,1.01486,0.5533,1.58302,0.000716,0.000716,0.000716
424,36284.8,0.36038,0.23199,0.89601,0.93298,0.8761,0.93857,0.73922,1.01484,0.55396,1.58408,0.000694,0.000694,0.000694
425,36369.7,0.35436,0.22234,0.89904,0.93166,0.87598,0.93855,0.73899,1.01546,0.55375,1.58529,0.000672,0.000672,0.000672
426,36453.8,0.34715,0.22061,0.89394,0.93149,0.87646,0.93879,0.73905,1.01478,0.55364,1.58571,0.00065,0.00065,0.00065
427,36539.5,0.35325,0.22556,0.90127,0.93149,0.87565,0.93883,0.73918,1.01485,0.55379,1.58618,0.000628,0.000628,0.000628
428,36625.3,0.34683,0.21878,0.89171,0.93032,0.87607,0.93874,0.73916,1.01482,0.55378,1.58656,0.000606,0.000606,0.000606
429,36709.7,0.34686,0.21988,0.88446,0.92966,0.87529,0.93914,0.73967,1.01439,0.55453,1.58685,0.000584,0.000584,0.000584
430,36795.3,0.35168,0.22357,0.89516,0.93008,0.87412,0.938,0.7396,1.01415,0.55419,1.5872,0.000562,0.000562,0.000562
431,36881.3,0.34679,0.2212,0.88923,0.93045,0.87412,0.93794,0.73926,1.01371,0.55442,1.58708,0.00054,0.00054,0.00054
432,36967.2,0.35139,0.2242,0.89327,0.92964,0.87412,0.93792,0.73879,1.01415,0.55435,1.58809,0.000518,0.000518,0.000518
433,37052.7,0.34964,0.22154,0.89472,0.92929,0.87412,0.93792,0.73852,1.01394,0.55486,1.58833,0.000496,0.000496,0.000496
434,37138.8,0.34937,0.22389,0.8962,0.92833,0.87412,0.93789,0.73933,1.01338,0.55401,1.588,0.000474,0.000474,0.000474
435,37221.3,0.33883,0.21613,0.8865,0.92839,0.87412,0.93786,0.73891,1.01302,0.55487,1.58792,0.000452,0.000452,0.000452
436,37306.8,0.34591,0.22144,0.88699,0.92632,0.87412,0.93799,0.7387,1.01337,0.55516,1.58894,0.00043,0.00043,0.00043
437,37391.9,0.34397,0.21914,0.88902,0.92584,0.87433,0.938,0.73896,1.01307,0.55521,1.58939,0.000408,0.000408,0.000408
438,37478,0.33771,0.2139,0.88958,0.9259,0.87455,0.93803,0.73878,1.0138,0.55571,1.59054,0.000386,0.000386,0.000386
439,37564.2,0.34411,0.21586,0.8884,0.92592,0.87434,0.93804,0.73881,1.014,0.55632,1.59155,0.000364,0.000364,0.000364
440,37649.6,0.33293,0.2123,0.88029,0.92592,0.87419,0.93807,0.7391,1.01398,0.55649,1.59155,0.000342,0.000342,0.000342
441,37732.4,0.31112,0.179,0.84729,0.92696,0.87461,0.93781,0.73891,1.0144,0.55648,1.59287,0.00032,0.00032,0.00032
442,37815,0.26138,0.14863,0.82493,0.92669,0.87456,0.93761,0.73832,1.0143,0.55601,1.59338,0.000298,0.000298,0.000298
443,37896.6,0.24065,0.1364,0.81653,0.92654,0.87476,0.93756,0.73815,1.01448,0.55553,1.5941,0.000276,0.000276,0.000276
444,37979,0.23139,0.13506,0.80699,0.9263,0.87471,0.93738,0.73843,1.0144,0.55605,1.59453,0.000254,0.000254,0.000254
445,38062.3,0.22871,0.13446,0.80837,0.92765,0.87474,0.93743,0.73755,1.0142,0.55547,1.59514,0.000232,0.000232,0.000232
446,38145.1,0.22596,0.13139,0.80752,0.92758,0.8746,0.93657,0.73779,1.01434,0.55615,1.59587,0.00021,0.00021,0.00021
447,38227.3,0.2248,0.13345,0.81325,0.92656,0.8732,0.93652,0.7386,1.01432,0.55587,1.59662,0.000188,0.000188,0.000188
448,38310.1,0.21957,0.13062,0.80703,0.9264,0.87319,0.93642,0.73834,1.01439,0.55714,1.59669,0.000166,0.000166,0.000166
449,38392.7,0.21805,0.12704,0.8081,0.92617,0.87347,0.93627,0.73871,1.01536,0.55614,1.59858,0.000144,0.000144,0.000144
450,38475.7,0.21826,0.13037,0.80343,0.92623,0.87421,0.93636,0.73749,1.01577,0.55661,1.59952,0.000122,0.000122,0.000122
